Mutation,Chain,Wild Type,Mutant,Prediction,Results Page
V27M,A,VAL,MET,-0.248,http://biosig.lab.uq.edu.au/dynamut2/results_prediction/173393446198
A28V,A,ALA,VAL,-0.536,http://biosig.lab.uq.edu.au/dynamut2/results_prediction/173393446412
S31F,A,SER,PHE,-0.862,http://biosig.lab.uq.edu.au/dynamut2/results_prediction/173393446614
Y38C,A,TYR,CYS,-1.87,http://biosig.lab.uq.edu.au/dynamut2/results_prediction/173393446823
D39G,A,ASP,GLY,-0.732,http://biosig.lab.uq.edu.au/dynamut2/results_prediction/173393447057
D39E,A,ASP,GLU,-0.698,http://biosig.lab.uq.edu.au/dynamut2/results_prediction/173393447243
H43Y,A,HIS,TYR,0.864,http://biosig.lab.uq.edu.au/dynamut2/results_prediction/173393447432
G45E,A,GLY,GLU,-0.496,http://biosig.lab.uq.edu.au/dynamut2/results_prediction/17339344762
R47C,A,ARG,CYS,-0.755,http://biosig.lab.uq.edu.au/dynamut2/results_prediction/17339344783
R47H,A,ARG,HIS,-1.038,http://biosig.lab.uq.edu.au/dynamut2/results_prediction/173393448058
W50C,A,TRP,CYS,-1.147,http://biosig.lab.uq.edu.au/dynamut2/results_prediction/173393448274
R52C,A,ARG,CYS,-0.762,http://biosig.lab.uq.edu.au/dynamut2/results_prediction/173393448492
G58A,A,GLY,ALA,-0.284,http://biosig.lab.uq.edu.au/dynamut2/results_prediction/173393448721
R62C,A,ARG,CYS,-0.145,http://biosig.lab.uq.edu.au/dynamut2/results_prediction/173393448934
R62H,A,ARG,HIS,-1.055,http://biosig.lab.uq.edu.au/dynamut2/results_prediction/173393449159
T66M,A,THR,MET,-0.473,http://biosig.lab.uq.edu.au/dynamut2/results_prediction/173393449431
N68K,A,ASN,LYS,-0.079,http://biosig.lab.uq.edu.au/dynamut2/results_prediction/173393449648
L72V,A,LEU,VAL,-1.046,http://biosig.lab.uq.edu.au/dynamut2/results_prediction/173393449881
D86V,A,ASP,VAL,0.053,http://biosig.lab.uq.edu.au/dynamut2/results_prediction/173393450096
T96K,A,THR,LYS,-0.501,http://biosig.lab.uq.edu.au/dynamut2/results_prediction/173393450309
R98W,A,ARG,TRP,-0.649,http://biosig.lab.uq.edu.au/dynamut2/results_prediction/173393450531
A105T,A,ALA,THR,-0.885,http://biosig.lab.uq.edu.au/dynamut2/results_prediction/173393450743
A105V,A,ALA,VAL,-0.891,http://biosig.lab.uq.edu.au/dynamut2/results_prediction/173393450961
S116C,A,SER,CYS,-0.619,http://biosig.lab.uq.edu.au/dynamut2/results_prediction/173393451151
V126G,A,VAL,GLY,-2.828,http://biosig.lab.uq.edu.au/dynamut2/results_prediction/17339345136
A130S,A,ALA,SER,0.127,http://biosig.lab.uq.edu.au/dynamut2/results_prediction/173393451572
A130V,A,ALA,VAL,-0.587,http://biosig.lab.uq.edu.au/dynamut2/results_prediction/173393451786
K186N,A,LYS,ASN,-0.152,http://biosig.lab.uq.edu.au/dynamut2/results_prediction/173393451988
A192T,A,ALA,THR,0.021,http://biosig.lab.uq.edu.au/dynamut2/results_prediction/173393452256
A196T,A,ALA,THR,0.079,http://biosig.lab.uq.edu.au/dynamut2/results_prediction/173393452444
